{
  "metadata": {
    "model_name": "bert-base-uncased",
    "device": "cpu",
    "pytorch_version": "2.8.0",
    "transformers_version": "4.56.0",
    "cuda_available": false,
    "gpu_name": "N/A",
    "batch_sizes_tested": [
      1,
      2,
      4,
      8,
      16,
      32
    ],
    "measurement_runs": 50,
    "warmup_runs": 10,
    "timestamp": "2025-09-04T10:21:54.872700"
  },
  "results": [
    {
      "latency_mean_ms": 59.057404920458794,
      "latency_std_ms": 2.3081009525496317,
      "latency_p50_ms": 58.58177049958613,
      "latency_p95_ms": 61.73580204922473,
      "latency_p99_ms": 67.52404617102,
      "throughput_tokens_per_sec": 124.62450745867997,
      "throughput_requests_per_sec": 16.932677643842386,
      "gpu_memory_mb": 0.0,
      "gpu_memory_peak_mb": 0.0,
      "cpu_utilization_percent": 103.9,
      "batch_size": 1,
      "sequence_length": 7,
      "num_samples": 50,
      "category": "short"
    },
    {
      "latency_mean_ms": 57.604898239369504,
      "latency_std_ms": 2.3951540361648074,
      "latency_p50_ms": 57.660416001453996,
      "latency_p95_ms": 60.88029139209539,
      "latency_p99_ms": 61.617711835424416,
      "throughput_tokens_per_sec": 279.1429286652273,
      "throughput_requests_per_sec": 34.71926973448101,
      "gpu_memory_mb": 0.0,
      "gpu_memory_peak_mb": 0.0,
      "cpu_utilization_percent": 287.5,
      "batch_size": 2,
      "sequence_length": 8,
      "num_samples": 25,
      "category": "short"
    },
    {
      "latency_mean_ms": 49.8629061645867,
      "latency_std_ms": 4.193189260125276,
      "latency_p50_ms": 49.58002049534116,
      "latency_p95_ms": 56.333318595716264,
      "latency_p99_ms": 56.811030117969494,
      "throughput_tokens_per_sec": 721.9795789914805,
      "throughput_requests_per_sec": 80.2199532212756,
      "gpu_memory_mb": 0.0,
      "gpu_memory_peak_mb": 0.0,
      "cpu_utilization_percent": 273.3,
      "batch_size": 4,
      "sequence_length": 9,
      "num_samples": 12,
      "category": "short"
    },
    {
      "latency_mean_ms": 59.99229183604863,
      "latency_std_ms": 7.277894068367514,
      "latency_p50_ms": 56.0642505006399,
      "latency_p95_ms": 70.20895824825857,
      "latency_p99_ms": 70.22729164746124,
      "throughput_tokens_per_sec": 1333.5046478742622,
      "throughput_requests_per_sec": 133.3504647874262,
      "gpu_memory_mb": 0.0,
      "gpu_memory_peak_mb": 0.0,
      "cpu_utilization_percent": 357.0,
      "batch_size": 8,
      "sequence_length": 10,
      "num_samples": 6,
      "category": "short"
    },
    {
      "latency_mean_ms": 71.21868033330732,
      "latency_std_ms": 2.7758686978544955,
      "latency_p50_ms": 69.63179199374281,
      "latency_p95_ms": 74.57271640887484,
      "latency_p99_ms": 75.01190969021991,
      "throughput_tokens_per_sec": 2471.2617416710104,
      "throughput_requests_per_sec": 224.66015833372822,
      "gpu_memory_mb": 0.0,
      "gpu_memory_peak_mb": 0.0,
      "cpu_utilization_percent": 211.7,
      "batch_size": 16,
      "sequence_length": 11,
      "num_samples": 3,
      "category": "short"
    },
    {
      "latency_mean_ms": 100.11374999885447,
      "latency_std_ms": 0.0,
      "latency_p50_ms": 100.11374999885447,
      "latency_p95_ms": 100.11374999885447,
      "latency_p99_ms": 100.11374999885447,
      "throughput_tokens_per_sec": 3516.000549415317,
      "throughput_requests_per_sec": 319.63641358321064,
      "gpu_memory_mb": 0.0,
      "gpu_memory_peak_mb": 0.0,
      "cpu_utilization_percent": 215.0,
      "batch_size": 32,
      "sequence_length": 11,
      "num_samples": 1,
      "category": "short"
    },
    {
      "latency_mean_ms": 54.071418419480324,
      "latency_std_ms": 1.9940562745873411,
      "latency_p50_ms": 53.82814600307029,
      "latency_p95_ms": 57.98670350559404,
      "latency_p99_ms": 60.294766072474886,
      "throughput_tokens_per_sec": 1371.5194120611852,
      "throughput_requests_per_sec": 18.494058954438852,
      "gpu_memory_mb": 0.0,
      "gpu_memory_peak_mb": 0.0,
      "cpu_utilization_percent": 162.4,
      "batch_size": 1,
      "sequence_length": 74,
      "num_samples": 50,
      "category": "medium"
    },
    {
      "latency_mean_ms": 71.06716171896551,
      "latency_std_ms": 2.631291269495611,
      "latency_p50_ms": 70.16241599922068,
      "latency_p95_ms": 75.24094999535009,
      "latency_p99_ms": 79.32592000288422,
      "throughput_tokens_per_sec": 2163.5871798010257,
      "throughput_requests_per_sec": 28.142393077536756,
      "gpu_memory_mb": 0.0,
      "gpu_memory_peak_mb": 0.0,
      "cpu_utilization_percent": 260.7,
      "batch_size": 2,
      "sequence_length": 76,
      "num_samples": 25,
      "category": "medium"
    },
    {
      "latency_mean_ms": 97.42611808299746,
      "latency_std_ms": 3.349656150375053,
      "latency_p50_ms": 96.75058300490491,
      "latency_p95_ms": 103.10461494809715,
      "latency_p99_ms": 106.55522298853612,
      "throughput_tokens_per_sec": 3284.540185901603,
      "throughput_requests_per_sec": 41.056752323770034,
      "gpu_memory_mb": 0.0,
      "gpu_memory_peak_mb": 0.0,
      "cpu_utilization_percent": 290.6,
      "batch_size": 4,
      "sequence_length": 80,
      "num_samples": 12,
      "category": "medium"
    },
    {
      "latency_mean_ms": 161.94731933501316,
      "latency_std_ms": 1.2800734480635727,
      "latency_p50_ms": 161.28725000453414,
      "latency_p95_ms": 163.90259350373526,
      "latency_p99_ms": 164.0669851018174,
      "throughput_tokens_per_sec": 3951.9024002864826,
      "throughput_requests_per_sec": 49.39878000358103,
      "gpu_memory_mb": 0.0,
      "gpu_memory_peak_mb": 0.0,
      "cpu_utilization_percent": 364.3,
      "batch_size": 8,
      "sequence_length": 80,
      "num_samples": 6,
      "category": "medium"
    },
    {
      "latency_mean_ms": 273.76698633209645,
      "latency_std_ms": 5.762958382532473,
      "latency_p50_ms": 274.01537500554696,
      "latency_p95_ms": 280.02943779720226,
      "latency_p99_ms": 280.5640211564605,
      "throughput_tokens_per_sec": 4675.508968956834,
      "throughput_requests_per_sec": 58.44386211196042,
      "gpu_memory_mb": 0.0,
      "gpu_memory_peak_mb": 0.0,
      "cpu_utilization_percent": 337.7,
      "batch_size": 16,
      "sequence_length": 80,
      "num_samples": 3,
      "category": "medium"
    },
    {
      "latency_mean_ms": 519.6070419915486,
      "latency_std_ms": 0.0,
      "latency_p50_ms": 519.6070419915486,
      "latency_p95_ms": 519.6070419915486,
      "latency_p99_ms": 519.6070419915486,
      "throughput_tokens_per_sec": 4926.800049106414,
      "throughput_requests_per_sec": 61.58500061383017,
      "gpu_memory_mb": 0.0,
      "gpu_memory_peak_mb": 0.0,
      "cpu_utilization_percent": 254.0,
      "batch_size": 32,
      "sequence_length": 80,
      "num_samples": 1,
      "category": "medium"
    },
    {
      "latency_mean_ms": 86.3158155741985,
      "latency_std_ms": 2.9986503306917314,
      "latency_p50_ms": 85.9079789952375,
      "latency_p95_ms": 90.07068154751323,
      "latency_p99_ms": 95.1181942486437,
      "throughput_tokens_per_sec": 2166.462759530456,
      "throughput_requests_per_sec": 11.585362350430247,
      "gpu_memory_mb": 0.0,
      "gpu_memory_peak_mb": 0.0,
      "cpu_utilization_percent": 189.7,
      "batch_size": 1,
      "sequence_length": 187,
      "num_samples": 40,
      "category": "long"
    },
    {
      "latency_mean_ms": 119.9877248996927,
      "latency_std_ms": 3.2289736455780003,
      "latency_p50_ms": 119.57102049927926,
      "latency_p95_ms": 125.52027464917046,
      "latency_p99_ms": 125.94308773303055,
      "throughput_tokens_per_sec": 3133.653882631147,
      "throughput_requests_per_sec": 16.668371716123126,
      "gpu_memory_mb": 0.0,
      "gpu_memory_peak_mb": 0.0,
      "cpu_utilization_percent": 212.1,
      "batch_size": 2,
      "sequence_length": 188,
      "num_samples": 20,