{
  "metadata": {
    "model_name": "bert-base-uncased",
    "device": "cpu",
    "pytorch_version": "2.8.0",
    "transformers_version": "4.56.0",
    "cuda_available": false,
    "gpu_name": "N/A",
    "batch_sizes_tested": [
      1,
      2,
      4,
      8,
      16,
      32
    ],
    "measurement_runs": 50,
    "warmup_runs": 10,
    "timestamp": "2025-09-04T09:38:36.992723"
  },
  "results": [
    {
      "latency_mean_ms": 53.81040404114174,
      "latency_std_ms": 5.585279640973429,
      "latency_p50_ms": 52.9975210010889,
      "latency_p95_ms": 58.54873315693111,
      "latency_p99_ms": 75.21265967006906,
      "throughput_tokens_per_sec": 136.77652363235885,
      "throughput_requests_per_sec": 18.58376679787484,
      "gpu_memory_mb": 0.0,
      "gpu_memory_peak_mb": 0.0,
      "cpu_utilization_percent": 105.0,
      "batch_size": 1,
      "sequence_length": 7,
      "num_samples": 50,
      "category": "short"
    },
    {
      "latency_mean_ms": 50.96211647964083,
      "latency_std_ms": 3.759508396988225,
      "latency_p50_ms": 50.08504100260325,
      "latency_p95_ms": 59.60942499805242,
      "latency_p99_ms": 59.83381499303505,
      "throughput_tokens_per_sec": 315.5284966711282,
      "throughput_requests_per_sec": 39.244837894418936,
      "gpu_memory_mb": 0.0,
      "gpu_memory_peak_mb": 0.0,
      "cpu_utilization_percent": 264.3,
      "batch_size": 2,
      "sequence_length": 8,
      "num_samples": 25,
      "category": "short"
    },
    {
      "latency_mean_ms": 42.70397574873641,
      "latency_std_ms": 3.624418455314811,
      "latency_p50_ms": 42.59481249755481,
      "latency_p95_ms": 48.16938574658707,
      "latency_p99_ms": 48.60141074517742,
      "throughput_tokens_per_sec": 843.0128429216622,
      "throughput_requests_per_sec": 93.66809365796247,
      "gpu_memory_mb": 0.0,
      "gpu_memory_peak_mb": 0.0,
      "cpu_utilization_percent": 394.0,
      "batch_size": 4,
      "sequence_length": 9,
      "num_samples": 12,
      "category": "short"
    },
    {
      "latency_mean_ms": 46.22470850154059,
      "latency_std_ms": 0.7026101134237089,
      "latency_p50_ms": 46.03275049885269,
      "latency_p95_ms": 47.212374749506125,
      "latency_p99_ms": 47.301041347236605,
      "throughput_tokens_per_sec": 1730.6761382245113,
      "throughput_requests_per_sec": 173.0676138224511,
      "gpu_memory_mb": 0.0,
      "gpu_memory_peak_mb": 0.0,
      "cpu_utilization_percent": 370.3,
      "batch_size": 8,
      "sequence_length": 10,
      "num_samples": 6,
      "category": "short"
    },
    {
      "latency_mean_ms": 59.32790300479004,
      "latency_std_ms": 0.7581625373078396,
      "latency_p50_ms": 58.840625002630986,
      "latency_p95_ms": 60.242862802988384,
      "latency_p99_ms": 60.36750616302015,
      "throughput_tokens_per_sec": 2966.563641829546,
      "throughput_requests_per_sec": 269.687603802686,
      "gpu_memory_mb": 0.0,
      "gpu_memory_peak_mb": 0.0,
      "cpu_utilization_percent": 374.3,
      "batch_size": 16,
      "sequence_length": 11,
      "num_samples": 3,
      "category": "short"
    },
    {
      "latency_mean_ms": 87.3894999967888,
      "latency_std_ms": 0.0,
      "latency_p50_ms": 87.3894999967888,
      "latency_p95_ms": 87.3894999967888,
      "latency_p99_ms": 87.3894999967888,
      "throughput_tokens_per_sec": 4027.943860680454,
      "throughput_requests_per_sec": 366.176714607314,
      "gpu_memory_mb": 0.0,
      "gpu_memory_peak_mb": 0.0,
      "cpu_utilization_percent": 228.0,
      "batch_size": 32,
      "sequence_length": 11,
      "num_samples": 1,
      "category": "short"
    },
    {
      "latency_mean_ms": 48.975720000162255,
      "latency_std_ms": 3.2399879944882404,
      "latency_p50_ms": 48.232853499939665,
      "latency_p95_ms": 56.07972879806765,
      "latency_p99_ms": 61.70008625413175,
      "throughput_tokens_per_sec": 1514.2196990621946,
      "throughput_requests_per_sec": 20.418280731690867,
      "gpu_memory_mb": 0.0,
      "gpu_memory_peak_mb": 0.0,
      "cpu_utilization_percent": 164.6,
      "batch_size": 1,
      "sequence_length": 74,
      "num_samples": 50,
      "category": "medium"
    },
    {
      "latency_mean_ms": 66.81297668081243,
      "latency_std_ms": 11.909969155056404,
      "latency_p50_ms": 62.59787500312086,
      "latency_p95_ms": 93.60445860656905,
      "latency_p99_ms": 106.7904819990508,
      "throughput_tokens_per_sec": 2301.3493431756847,
      "throughput_requests_per_sec": 29.93430467190016,
      "gpu_memory_mb": 0.0,
      "gpu_memory_peak_mb": 0.0,
      "cpu_utilization_percent": 235.1,
      "batch_size": 2,
      "sequence_length": 76,
      "num_samples": 25,
      "category": "medium"
    },
    {
      "latency_mean_ms": 83.50657983222239,
      "latency_std_ms": 1.7190980425462181,
      "latency_p50_ms": 83.45045800524531,
      "latency_p95_ms": 86.39616494110669,
      "latency_p99_ms": 86.90273298052489,
      "throughput_tokens_per_sec": 3832.033363633493,
      "throughput_requests_per_sec": 47.90041704541866,
      "gpu_memory_mb": 0.0,
      "gpu_memory_peak_mb": 0.0,
      "cpu_utilization_percent": 325.3,
      "batch_size": 4,
      "sequence_length": 80,
      "num_samples": 12,
      "category": "medium"
    },
    {
      "latency_mean_ms": 135.8093748325094,
      "latency_std_ms": 1.3591661105978778,
      "latency_p50_ms": 135.89008349663345,
      "latency_p95_ms": 137.2933120073867,
      "latency_p99_ms": 137.29379520664224,
      "throughput_tokens_per_sec": 4712.487637832789,
      "throughput_requests_per_sec": 58.90609547290986,
      "gpu_memory_mb": 0.0,
      "gpu_memory_peak_mb": 0.0,
      "cpu_utilization_percent": 394.0,
      "batch_size": 8,
      "sequence_length": 80,
      "num_samples": 6,
      "category": "medium"
    },
    {
      "latency_mean_ms": 247.35512466577347,
      "latency_std_ms": 5.5455592812336985,
      "latency_p50_ms": 245.45079199015163,
      "latency_p95_ms": 253.9514036034234,
      "latency_p99_ms": 254.7070135246031,
      "throughput_tokens_per_sec": 5174.7462347082455,
      "throughput_requests_per_sec": 64.68432793385307,
      "gpu_memory_mb": 0.0,
      "gpu_memory_peak_mb": 0.0,
      "cpu_utilization_percent": 407.9,
      "batch_size": 16,
      "sequence_length": 80,
      "num_samples": 3,
      "category": "medium"
    },
    {
      "latency_mean_ms": 704.2343339999206,
      "latency_std_ms": 0.0,
      "latency_p50_ms": 704.2343339999206,
      "latency_p95_ms": 704.2343339999206,
      "latency_p99_ms": 704.2343339999206,
      "throughput_tokens_per_sec": 3635.1536362330903,
      "throughput_requests_per_sec": 45.43942045291362,
      "gpu_memory_mb": 0.0,
      "gpu_memory_peak_mb": 0.0,
      "cpu_utilization_percent": 254.1,
      "batch_size": 32,
      "sequence_length": 80,
      "num_samples": 1,
      "category": "medium"
    },
    {
      "latency_mean_ms": 81.37756672440446,
      "latency_std_ms": 8.72234100570128,
      "latency_p50_ms": 80.18002100288868,
      "latency_p95_ms": 94.55205175545414,
      "latency_p99_ms": 102.32163674474577,
      "throughput_tokens_per_sec": 2297.930591034989,
      "throughput_requests_per_sec": 12.288398882540049,
      "gpu_memory_mb": 0.0,
      "gpu_memory_peak_mb": 0.0,
      "cpu_utilization_percent": 204.0,
      "batch_size": 1,
      "sequence_length": 187,
      "num_samples": 40,
      "category": "long"
    },
    {
      "latency_mean_ms": 100.39151869932539,
      "latency_std_ms": 4.8418783276090895,
      "latency_p50_ms": 99.20604150102008,
      "latency_p95_ms": 111.54808750507073,
      "latency_p99_ms": 114.76421749757719,
      "throughput_tokens_per_sec": 3745.3363080015506,
      "throughput_requests_per_sec": 19.92200163830612,
      "gpu_memory_mb": 0.0,
      "gpu_memory_peak_mb": 0.0,
      "cpu_utilization_percent": 233.3,
      "batch_size": 2,
      "sequence_length": 188,
      "num_samples": 20,